{"cameraMode":{"drawMode":0,"name":"Shaded","section":"Shading Mode"},"sceneLighting":false,"audioPlay":false,"sceneViewState":{"showFog":true,"showMaterialUpdate":false,"showSkybox":true,"showFlares":true,"showImageEffects":true,"showParticleSystems":true},"in2DMode":false,"pivot":{"x":-795.6068115234375,"y":300.0,"z":486.9212646484375},"rotation":{"x":0.09582502394914627,"y":-0.023887192830443383,"z":0.002300241496413946,"w":0.9951089024543762},"size":16.335041046142579,"orthographic":true}