{"cameraMode":{"drawMode":0,"name":"Shaded","section":"Shading Mode"},"sceneLighting":false,"audioPlay":false,"sceneViewState":{"showFog":true,"showMaterialUpdate":false,"showSkybox":true,"showFlares":true,"showImageEffects":true,"showParticleSystems":true},"in2DMode":false,"pivot":{"x":0.0,"y":3.556999921798706,"z":0.8684999942779541},"rotation":{"x":0.09582502394914627,"y":-0.023887192830443383,"z":0.002300241496413946,"w":0.9951089024543762},"size":2.8090312480926515,"orthographic":true}