{"cameraMode":{"drawMode":0,"name":"Shaded","section":"Shading Mode"},"sceneLighting":false,"audioPlay":false,"sceneViewState":{"showFog":true,"showMaterialUpdate":false,"showSkybox":true,"showFlares":true,"showImageEffects":true,"showParticleSystems":true},"in2DMode":false,"pivot":{"x":-5.960464477539063e-8,"y":2.1091063022613527,"z":5.960464477539063e-8},"rotation":{"x":0.20679543912410737,"y":-0.42463642358779909,"z":0.10027631372213364,"w":0.8757078647613525},"size":15.680493354797364,"orthographic":true}