{"cameraMode":{"drawMode":0,"name":"Shaded","section":"Shading Mode"},"sceneLighting":false,"audioPlay":false,"sceneViewState":{"showFog":true,"showMaterialUpdate":false,"showSkybox":true,"showFlares":true,"showImageEffects":true,"showParticleSystems":true},"in2DMode":false,"pivot":{"x":-0.048246145248413089,"y":-2.2711217403411867,"z":-0.46334517002105715},"rotation":{"x":0.09582502394914627,"y":-0.023887192830443383,"z":0.002300241496413946,"w":0.9951089024543762},"size":20.101625442504884,"orthographic":true}